model_id,feature_view,representation_dimension,validation_mae,validation_rmse,test_mae,test_rmse
ridge-t90,t90,90,6.461947975192165,8.95206284783741,6.74650392650242,9.407438325228476
rff-ridge-d256,t90-rff,256,6.435794040517833,8.914535477844629,6.722607629517187,9.370734236922178
rff-ridge-d512,t90-rff,512,6.431201304539486,8.908505596459147,6.7170769560922405,9.363484750214921
rff-ridge-d1024,t90-rff,1024,6.430243438538277,8.907341687894318,6.716163677365318,9.363322953724614
lightgbm-t90,t90,90,5.846180471320257,8.265903641499024,6.175985257723828,8.807250178157137
lightgbm-audio,audio,594,5.5758493677238175,7.927413356351297,5.829895844689949,8.362128945886393
lightgbm-metadata,metadata,392,5.072652679091457,7.397888066308749,5.290883485405224,7.719026713441972
lightgbm-fused,audio-metadata,762,4.6363416523486505,6.984054061524464,4.845624724789897,7.333319763488513
lightgbm-ensemble,prediction-ensemble,3,4.634782014901142,6.910352694111827,4.819471729014302,7.240509819549363
